Planta,Buffer_almacenamiento_ton,Pct_del_total_anual
Planta A,14461.342500000002,8.335449424470763
Planta B,23776.757499999992,11.530518164764278
Planta C,5389.873666666663,3.035026346372996
Planta D,5772.220833333331,4.37590035013697
Planta E,5295.476599999998,7.201363415933599
Planta F,3041.9341666666674,7.876583453241075
