Planta,Escenario 1 (kW),Escenario 2 (kW),Esc.2 / Esc.1 (%)
Planta A,6906.929269773069,4510.527791253005,65.30438658163935
Planta B,9455.142457511965,6706.756382236513,70.93236735854887
Planta C,6852.3391902267185,4790.997898892555,69.91769913733705
Planta D,5898.162820456681,4190.431519655675,71.0463859207471
Planta E,7012.353597682681,4836.818628096805,68.97568071432096
Planta F,5052.252447820727,3379.6038487138007,66.89301224786544
