Planta,LB - % autogenerado (biomasa+biogás),Escenario 1 - Excedente (kW),Escenario 2 - Excedente (kW)
Planta A,79.12791279127914,6906.929269773069,4404.094848107443
Planta B,0.0,9455.142457511965,5872.586161719687
Planta C,0.0,6852.3391902267185,4302.518932761969
Planta D,69.99999999999999,5898.162820456681,3189.643602798949
Planta E,0.0,7012.353597682681,4223.438772859003
Planta F,0.0,5052.252447820727,2969.2735964241765
