Planta,Escenario 1 (kW),Escenario 2 (kW),Esc.2 / Esc.1 (%)
Planta A,6906.929269773069,4662.504003453005,67.50473070366616
Planta B,9455.142457511965,6176.235392236512,65.32144195595475
Planta C,6852.3391902267185,4539.637571192556,66.24945796126528
Planta D,5898.162820456681,3396.041513495676,57.57795464236995
Planta E,7012.353597682681,4449.296494896806,63.44940301309293
Planta F,5052.252447820727,3158.636289113801,62.51936778171622
