Planta,LB - % autogenerado (biomasa+biogás),Escenario 1 - Excedente (kW),Escenario 2 - Excedente (kW)
Planta A,79.12791279127914,6906.929269773069,4662.504003453005
Planta B,0.0,9455.142457511965,6176.235392236512
Planta C,0.0,6852.3391902267185,4539.637571192556
Planta D,69.99999999999999,5898.162820456681,3396.041513495676
Planta E,0.0,7012.353597682681,4449.296494896806
Planta F,0.0,5052.252447820727,3158.636289113801
