escenario,gen_optimo_GWh,pct_optimo,beneficio_optimo_USD,gen_total_GWh,beneficio_total_USD,costo_oportunidad_USD,pct_del_optimo,delta_GWh,delta_tCO2,tCO2_totales_100pct,costo_implicito_USD_tCO2
ESCENARIO 1,189.45477819147172,76.06272350509423,4156714.450745523,249.07703729381078,1964311.596404165,2192402.854341358,52.74364838672384,59.62225910233906,9742.277137322188,37527.6515947484,225.0400828716286
ESCENARIO 2,147.47693868165388,91.2494920405789,7241801.648241069,161.61946262240068,6334963.291860677,906838.3563803919,12.52227553899726,14.142523940746798,2310.888411918022,23664.69955515081,392.41979478694174
