escenario,gen_optimo_GWh,pct_optimo,beneficio_optimo_USD,gen_total_GWh,beneficio_total_USD,costo_oportunidad_USD,pct_del_optimo,delta_GWh,delta_tCO2,tCO2_totales_100pct,costo_implicito_USD_tCO2
ESCENARIO 1,66.96334956190418,32.160411350628074,314962.1758625703,208.2167072797607,-3576672.7820146717,3891634.957877242,1235.5880344106167,141.25335771785652,23080.798651097757,30851.07367045266,168.60919835164154
ESCENARIO 2,136.16546091849634,92.2948952133176,6446605.256800314,147.5330359320333,5344687.495527849,1101917.7612724658,17.09299262755523,11.367575013536964,1857.4617572119423,21362.97743394478,593.2384647996462
