escenario,gen_optimo_GWh,pct_optimo,beneficio_optimo_USD,gen_total_GWh,beneficio_total_USD,costo_oportunidad_USD,pct_del_optimo,delta_GWh,delta_tCO2,tCO2_totales_100pct,costo_implicito_USD_tCO2
ESCENARIO 1,66.96325505930508,32.16036596397282,2983459.617409087,208.2167072797607,-908169.603583537,3891629.220992624,130.4401506990135,141.2534522204556,23080.814092822457,30851.073670452664,168.60883699084172
ESCENARIO 2,136.16546091849634,92.2948952133176,6446605.256800314,147.5330359320333,5344687.495527849,1101917.7612724658,17.09299262755523,11.367575013536964,1857.4617572119423,21362.97743394478,593.2384647996462
