Planta,Valor_kW
Planta A,11627.405684754522
Planta B,14954.073643410853
Planta C,12199.79877260982
Planta D,9180.35204134367
Planta E,10323.693669250646
Planta F,7436.547157622739
