escenario_precio,precio_USD_kWh,cap_turbina_A_kW,cap_biogas_A_kW,generacion_A_kW,beneficio_total_reoptimizado_USD
Cenipalma minimo,0.05792,300.0,2000.0,2166.0354048,60873.42490836792
Cenipalma promedio,0.10147,300.0,2000.0,2166.0354048,201654.18398886733
Actual/UPME,0.11408,300.0,2000.0,2166.0354048,258607.83724536747
Cenipalma maximo,0.18168,300.0,2000.0,2166.0354048,563926.3907853672
