incentivo_%,escenario,gen_optimo_GWh,beneficio_optimo_USD,gen_equilibrio_GWh,equilibrio_%_potencial,beneficio_despliegue_total_USD
0.0,1,66.96325505930508,3693400.93248152,206.73426355133032,99.28802844507642,-198228.28851110395
0.0,2,136.16546091849634,6913455.161429489,147.5330359320333,100.0,5811537.400157023
10.0,1,97.68102341464349,4340785.986372891,208.2167072797607,100.0,1675472.87140295
10.0,2,136.16546091849634,7554009.593808902,147.5330359320333,100.0,6584099.085767359
19.0,1,133.2688785603305,5282391.202137083,208.2167072797607,100.0,3361803.9153255993
19.0,2,136.16546091849634,8130508.582950374,147.5330359320333,100.0,7279404.602816662
30.0,1,181.22447685093047,6783262.3465275485,208.2167072797607,100.0,5422875.191231063
30.0,2,136.16546091849634,8835118.45856773,147.5330359320333,100.0,8129222.456988032
