incentivo_%,escenario,gen_optimo_GWh,beneficio_optimo_USD,gen_equilibrio_GWh,equilibrio_%_potencial,beneficio_despliegue_total_USD
0.0,1,66.96342498990205,258704.86586201657,73.69421326371263,35.39303556688024,-6531746.079850098
0.0,2,136.16546091849634,3427931.6589556504,147.5330359320333,100.0,2315671.673615562
10.0,1,66.96342498990205,958499.8710003537,105.44148355793243,50.64026078188859,-4587050.788428801
10.0,2,136.16546091849634,4115171.0817979816,147.5330359320333,100.0,3134918.349688815
19.0,1,66.96342498990205,1588315.3756248564,157.65197033235577,75.71533158505576,-2836825.026149633
19.0,2,136.16546091849634,4733686.562356079,147.5330359320333,100.0,3872240.358154744
30.0,1,66.96342498990205,2358089.881277027,200.64953582827448,96.36572321676428,-697660.205586201
30.0,2,136.16546091849634,5489649.927482642,147.5330359320333,100.0,4773411.701835323
