incentivo_%,escenario,gen_optimo_GWh,beneficio_optimo_USD,gen_equilibrio_GWh,equilibrio_%_potencial,beneficio_despliegue_total_USD
0.0,1,217.9252603666181,7995742.6692974605,249.07703729381078,100.0,6812882.230520692
0.0,2,158.1129659053894,9481565.768068342,161.6194626224007,100.0,9208503.07575392
10.0,1,217.9252603666181,9261883.618431266,249.07703729381078,100.0,8416306.215330336
10.0,2,158.1129659053894,10105087.28140024,161.6194626224007,100.0,9883981.530237848
19.0,1,239.0101603666181,10513707.703022439,249.07703729381078,100.0,9859387.80165902
19.0,2,158.1129659053894,10666256.643398948,161.6194626224007,100.0,10491912.139273385
30.0,1,239.0101603666181,12092508.224056313,249.07703729381078,100.0,11623154.18494963
30.0,2,158.8997159053894,11354660.916735394,161.6194626224007,100.0,11234938.439205708
