incentivo_%,escenario,gen_optimo_GWh,beneficio_optimo_USD,gen_equilibrio_GWh,equilibrio_%_potencial,beneficio_despliegue_total_USD
0.0,1,66.96325505930508,2983459.617409087,201.42499080328966,96.73815009121931,-908169.603583537
0.0,2,136.16546091849634,6446605.256800314,147.5330359320333,100.0,5344687.495527849
10.0,1,97.68102341464349,3701838.8028077013,208.2167072797607,100.0,1036525.6878377604
10.0,2,136.16546091849634,7133844.679642646,147.5330359320333,100.0,6163934.171601102
19.0,1,133.2688785603305,4707338.736928413,208.2167072797607,100.0,2786751.450116928
19.0,2,136.16546091849634,7752360.160200743,147.5330359320333,100.0,6901256.180067031
30.0,1,181.22447685093047,6286303.4259768445,208.2167072797607,100.0,4925916.270680359
30.0,2,136.16546091849634,8508323.525327306,147.5330359320333,100.0,7802427.52374761
