incentivo_%,escenario,gen_optimo_GWh,beneficio_optimo_USD,gen_equilibrio_GWh,equilibrio_%_potencial,beneficio_despliegue_total_USD
0.0,1,72.24453117780192,2063746.0896491827,126.32745907369167,50.71822776046435,-11043658.632782854
0.0,2,137.93444279555166,8647489.285838787,151.58747240080802,100.0,7942732.068228047
10.0,1,72.24453117780192,2898951.1705504395,165.48394109331855,66.43885879295811,-7654580.561642857
10.0,2,137.93444279555166,9212563.429931479,151.58747240080802,100.0,8674262.732206767
19.0,1,72.24453117780192,3650635.743361569,217.84859087009977,87.46233423883471,-4604410.297616854
19.0,2,140.7884427855879,9729152.386459222,151.58747240080802,100.0,9332640.329787616
30.0,1,72.24453117780192,4569361.33235295,243.2720092540104,97.66938449932148,-876424.4193628491
30.0,2,148.5705052102282,10424600.82656466,151.58747240080802,100.0,10137324.060164208
