incentivo_%,escenario,gen_optimo_GWh,beneficio_optimo_USD,gen_equilibrio_GWh,equilibrio_%_potencial,beneficio_despliegue_total_USD
0.0,1,189.45477819147175,4866655.765817956,249.07703729381078,100.0,2674252.911476598
0.0,2,147.47693868165388,7708651.552870244,161.6194626224007,100.0,6801813.196489852
10.0,1,215.28597819147174,6288836.425234378,249.07703729381078,100.0,4547954.071390652
10.0,2,147.47693868165388,8349205.985249657,161.6194626224007,100.0,7574374.882100187
19.0,1,217.9252603666181,7590661.929446766,249.07703729381078,100.0,6234285.115313301
19.0,2,147.47693868165388,8925704.974391129,161.6194626224007,100.0,8269680.3991494905
30.0,1,217.9252603666181,9201756.149173757,249.07703729381078,100.0,8295356.391218765
30.0,2,147.47693868165388,9630314.850008484,161.6194626224007,100.0,9119498.253320862
